step,x,theta,force
0,0.0,0.2,-0.0021362956633198035
1,-6.898746706488595e-05,0.20126959413121528,0.20966216010010072
2,0.001111653577001867,0.2018702852197891,0.27771843623157444
3,0.0039652164030958975,0.20118774026941944,0.2529984435560167
4,0.008337623432192184,0.1994521447742767,0.19501327555162207
5,0.013868120732277358,0.19718947157343633,0.14709921567430648
6,0.02025893791505746,0.19482692027353668,0.12329477828302865
7,0.02736251883885802,0.19256791684120916,0.12146366771446883
8,0.035168128184162664,0.19041414187577196,0.12939848017822808
9,0.04372581339118426,0.18827841939750983,0.13672292245246742
10,0.05308180111113973,0.18607976754420666,0.14069032868434705
11,0.06326141510300437,0.1837680570096225,0.1403851435895871
12,0.07426339254800995,0.1813319415942692,0.13672292245246742
13,0.08606559486967025,0.17879018458422294,0.1327555162205878
14,0.09864401540942812,0.17616358837400878,0.13214514603106786
15,0.11199558646207235,0.1734414472669399,0.13183996093630787
16,0.12611916666603906,0.1706097072392752,0.1315347758415479
17,0.14101364334088923,0.1676537017820431,0.13000885036774804
18,0.15667033073591763,0.16456930498299197,0.12756736960966827
19,0.17307487379740724,0.1613600453332349,0.12482070375682852
20,0.19021105122574083,0.15803146731931558,0.12237922299874875
21,0.2080645776781001,0.1545855287565668,0.119632557145909
22,0.22661929867272362,0.15102626688395,0.11993774224066897
23,0.24587811352226777,0.14732880528351638,0.12024292733542893
24,0.26584395680500955,0.14346753542875695,0.1184118167668691
25,0.28650648823834385,0.139435717312294,0.11658070619830928
26,0.30785541436205044,0.1352255831723162,0.11352885525070955
27,0.3298728793303171,0.13083960130518144,0.11047700430310983
28,0.35254107646014887,0.12627913741943875,0.10711996826075015
29,0.37584034439715736,0.12154730193445216,0.1031525620288705
30,0.3997472627963742,0.11665179796590207,0.09918515579699089
31,0.42423845701646007,0.11159928589678042,0.09552293465987122
32,0.449292499530863,0.10639259717517177,0.09186071352275156
33,0.47488800493441585,0.10103360911446628,0.08789330729087191
34,0.5010017252522815,0.095526102865878,0.08331553086947234
35,0.5276066447564121,0.08987862261778183,0.07904293954283273
36,0.5546776904087998,0.08409598046582659,0.07477034821619312
37,0.582189825754957,0.07818214942670286,0.07019257179479355
38,0.6101161451484179,0.0721431396239297,0.065309610278634
39,0.6384278721939561,0.06598702713662918,0.061037018951994385
40,0.6671000719741165,0.05971544582109332,0.056459242530594804
41,0.6961059352444128,0.05333218072604636,0.05157628101443525
42,0.7254167776450722,0.0468431805208917,0.04608294930875576
43,0.7550001332949223,0.04025943622446066,0.04089480269783624
44,0.7848254681487238,0.03358845845856875,0.031128879665517136
45,0.8148336933418285,0.026880029020098388,0.02075258644367809
46,0.8449619286158738,0.020189148997540488,0.013428144169438765
47,0.8751663537540003,0.013542061001786308,0.007324442274239326
48,0.9054107636525314,0.006953712220123759,0.0024414807580797754
49,0.9356665621889539,0.0004279069329376972,-0.0012207403790398877
50,0.9659127587895698,-0.006042608300417401,-0.005493331705679495
51,0.9961245347478647,-0.012458976482328863,-0.010681478316599017
52,1.0262713398261092,-0.018813420443961684,-0.015564439832758568
53,1.0563245147791338,-0.025100687004454336,-0.021362956633198035
54,1.086249667592006,-0.03130657072488475,-0.026245918149357585
55,1.1160181051135902,-0.03742503209951553,-0.028077028717917417
56,1.1456201662990972,-0.04347810382669331,-0.030518509475997192
57,1.1750423548295212,-0.04948156332286092,-0.03326517532883694
58,1.2042692508514528,-0.055447931603661904,-0.03662221137119663
59,1.2332816104576436,-0.061383722015746094,-0.040284432508316294
60,1.2620582749032576,-0.06729237982636067,-0.045167394024475845
61,1.2905704579618098,-0.07316577240094563,-0.04943998535111545
62,1.3187931778178301,-0.07900133351290389,-0.05340739158299509
63,1.3467033493527256,-0.08479915744550746,-0.05798516800439467
64,1.3742740692227529,-0.09055343678572546,-0.06256294442579424
65,1.4014784260395228,-0.09625816789581468,-0.06714072084719383
66,1.4282894989272337,-0.10190711695987122,-0.07110812707907346
67,1.4546841644212056,-0.10749947078572153,-0.0750755333109531
68,1.4806392855578336,-0.11303410587563492,-0.07995849482711265
69,1.5061260001101218,-0.11850106706721152,-0.08423108615375224
70,1.5311192409951204,-0.12389576757893808,-0.08972441785943175
71,1.5555863110115373,-0.1292019035214284,-0.09521774956511124
72,1.5794944980114924,-0.13440278568093422,-0.10101626636555072
73,1.6028091673130331,-0.1394784070210489,-0.11322367015594959
74,1.6254556981340003,-0.14434877023548093,-0.12298959318826869
75,1.6473746751034029,-0.14895587741496577,-0.130619220557268
76,1.6685199564878008,-0.1532603373674602,-0.1348918118839076
77,1.6888662614254146,-0.15725222900319405,-0.13641773735770746
78,1.7084053455862196,-0.16094512913592185,-0.1382488479262673
79,1.7271269711757773,-0.16434780795659173,-0.13916440321054718
80,1.7450265192446306,-0.1674755839751941,-0.14099551377910702
81,1.7620935799009496,-0.17033347588612147,-0.14313180944242684
82,1.7783157618514418,-0.17292194061493918,-0.1446577349162267
83,1.7936843988405309,-0.175245341008856,-0.14648884548478652
84,1.8081888446406833,-0.1773035084402357,-0.1477095858638264
85,1.8218221785328024,-0.17910019759427834,-0.14862514114810632
86,1.8345793032409794,-0.18064026852149895,-0.14923551133762628
87,1.8464569457007358,-0.1819297059728526,-0.1501510666219062
88,1.8574498562366268,-0.18297003655811336,-0.15076143681142612
89,1.867554612499771,-0.18376397764181002,-0.15137180700094607
90,1.8767677188166068,-0.18431264032012692,-0.15076143681142612
91,1.8850932103712377,-0.18462675919121888,-0.14954069643238624
92,1.8925388514877326,-0.1847210888167273,-0.14893032624286628
93,1.8991085356715471,-0.1846032619224614,-0.14984588152714623
94,1.904796587837788,-0.18426547868806167,-0.14893032624286628
95,1.9096086753195032,-0.1837153860201038,-0.14831995605334636
96,1.9135485001402146,-0.182956409072677,-0.14709921567430648
97,1.9166235038006751,-0.18199621062619947,-0.1455732902005066
98,1.918842967766621,-0.18084391302945113,-0.14526810510574664
99,1.920208511376351,-0.1794961293373023,-0.14404736472670676
100,1.9207274006196349,-0.17795665018206797,-0.141300698873867
101,1.9204163500052636,-0.17624204110627686,-0.14007995849482713
102,1.9192825139674161,-0.17435361562624277,-0.1370281075472274
103,1.9173444035582492,-0.17230841318540957,-0.1358073671681875
104,1.9146090734255619,-0.17010552422813996,-0.13428144169438766
105,1.9110854343884052,-0.1677458496612213,-0.13183996093630787
106,1.9067880565683808,-0.1652377218289138,-0.1272621845149083
107,1.9017447774067544,-0.16260817296809066,-0.12298959318826869
108,1.8959814935868464,-0.15988051009021312,-0.11780144657734916
109,1.88952977591345,-0.15708574677705642,-0.11505478072450942
110,1.882405956002211,-0.15423178520090347,-0.11230811487166967
111,1.8746263480034329,-0.15132612335636925,-0.11108737449262979
112,1.8661977398383347,-0.14836180863622367,-0.10925626392406995
113,1.8571307091642868,-0.14533720944830228,-0.10681478316599018
114,1.8474396223331135,-0.142255979964783,-0.1043733024079104
115,1.8371388297395985,-0.13912141133715217,-0.10193182164983063
116,1.826242666843199,-0.1359364550936657,-0.0988799707022309
117,1.8147692607041057,-0.13270939742818214,-0.09674367503891111
118,1.802731017108883,-0.12943974657266688,-0.09399700918607135
119,1.7901441367183015,-0.12613241951788431,-0.09155552842799158
120,1.7770229063423633,-0.12278925489618532,-0.08880886257515183
121,1.7633835064094754,-0.11941470420123301,-0.08606219672231208
122,1.7492421085196859,-0.11601301387952652,-0.0827051606799524
123,1.7346186836966464,-0.11259392313495246,-0.08178960539567248
124,1.719517968223642,-0.10914433627030833,-0.07934812463759269
125,1.7039542113911366,-0.10566523963984314,-0.07629627368999298
126,1.6879454623911199,-0.10216312181442026,-0.07293923764763328
127,1.6715116674532913,-0.09864714712803299,-0.06866664632099369
128,1.6546784801174297,-0.0951348822811074,-0.06653035065767388
129,1.6374582235746942,-0.09162394125788838,-0.06439405499435408
130,1.6198632225307046,-0.08811197500272804,-0.06225775933103427
131,1.6019058025174258,-0.08459665586006204,-0.06012146366771447
132,1.583598289214382,-0.08107566226198398,-0.056764427625354774
133,1.564960625746511,-0.07755804965642096,-0.05401776177251503
134,1.5460089458561277,-0.07404716244638639,-0.05188146610919522
135,1.5267555757872304,-0.07054068461203623,-0.04882961516159551
136,1.5072185582318098,-0.06704490098560051,-0.04699850459303567
137,1.4874083189325145,-0.06355473930340351,-0.04303109836115604
138,1.4673486208333766,-0.06008515884139512,-0.040284432508316294
139,1.4470556102225876,-0.05663976651331786,-0.03814813684499649
140,1.4265416298985556,-0.05321660593815539,-0.03631702627643666
141,1.405817124751862,-0.049811028312084143,-0.033570360423596915
142,1.3848982613680483,-0.04642709201907025,-0.030823694570757162
143,1.3638012118661136,-0.04306897580385576,-0.028077028717917417
144,1.3425421550103485,-0.039741003653600164,-0.02594073305459761
145,1.321133466898144,-0.036441960046457805,-0.023194067201757866
146,1.2995913429162864,-0.03317653626701468,-0.02044740134891812
147,1.2779319870561896,-0.029949612722298912,-0.019531846064638203
148,1.256160181201127,-0.02674914925415265,-0.017090365306558428
149,1.234290244794807,-0.023577633367079544,-0.013428144169438765
150,1.212344126569054,-0.0204491518720629,-0.011291848506118961
151,1.1903342568807784,-0.017363693401613207,-0.009155552842799158
152,1.1682730784125404,-0.014321520485448666,-0.007629627368999298
153,1.146169235266258,-0.011317453586321852,-0.005493331705679495
154,1.1240351947578824,-0.008352302951023287,-0.0021362956633198035
155,1.1018910569754794,-0.005438552581148696,-0.0003051850947599719
156,1.0797474058173049,-0.002574643092498879,0.0012207403790398877
157,1.0576129343198462,0.00024351857717894686,0.0030518509475997192
158,1.0354982551731093,0.0030168529345147525,0.0057985168004394665
159,1.0134197105376215,0.005737417415803924,0.006714072084719382
160,0.991382222379255,0.008414136530010897,0.009155552842799158
161,0.9694002551034194,0.011041311520461769,0.011597033600878933
162,0.9474882855277338,0.013612968216433634,0.013122959074678793
163,0.9256550880730159,0.016131395525862707,0.015259254737998596
164,0.9039132638658691,0.018592817444150388,0.016785180211798457
165,0.8822716181942549,0.020998839602161194,0.018311105685598315
166,0.8607389725489519,0.02335070944811357,0.019531846064638203
167,0.8393222587373099,0.025652183985167304,0.021668141727958008
168,0.8180341402304704,0.027898107845044918,0.024109622486037784
169,0.7968892001092674,0.030080153084789958,0.026245918149357585
170,0.77590013170108,0.032192501331843884,0.027466658528397473
171,0.7550739302972228,0.034237504216217796,0.02990813928647725
172,0.734425232435533,0.03620564895707884,0.03143406476027711
173,0.7139629776548669,0.03809557016909768,0.032654805139317
174,0.6936942220578189,0.03990827552904971,0.033875545518356885
175,0.6736260440671021,0.04164428054788562,0.034791100802636796
176,0.6537636388728405,0.04330647051116212,0.03601184118167669
177,0.6341141288574103,0.04489439217440619,0.03723258156071657
178,0.6146846574642013,0.04640712781890424,0.040284432508316294
179,0.5954938205716244,0.04782616273858552,0.04181035798211615
180,0.5765507092364194,0.04914678535832072,0.0424207281716361
181,0.5578587257406084,0.05037225759054018,0.04303109836115604
182,0.5394213006226459,0.051505220086325285,0.04425183874019593
183,0.5212457020093973,0.05254200461562685,0.04425183874019593
184,0.5033316040216037,0.05348977518307251,0.04394665364543596
185,0.4856768033856202,0.05435794133065737,0.045472579119235815
186,0.46829055304498834,0.05513822808884289,0.04608294930875576
187,0.451176413449301,0.055830418917390344,0.045472579119235815
188,0.43433035002751036,0.05644515511520683,0.04577776421399579
189,0.41775406879633337,0.056983960898743476,0.045167394024475845
190,0.40144358290514826,0.05745642993221633,0.04577776421399579
191,0.38540254754508874,0.05786026358912168,0.04577776421399579
192,0.36963082689038285,0.0581984497638962,0.045472579119235815
193,0.35412639983591154,0.05847639503787073,0.044862208929715874
194,0.3388853591548289,0.05870194338007361,0.0445570238349559
195,0.3239057199768427,0.05887970494738445,0.044862208929715874
196,0.3091893225171179,0.059008253298800606,0.044862208929715874
197,0.2947361157087611,0.05908871245832842,0.045167394024475845
198,0.2805479676286941,0.05911904272883876,0.044862208929715874
199,0.2666229501639942,0.059102605395367894,0.0445570238349559
200,0.2529591496060517,0.05904244474361225,0.04394665364543596
201,0.23955276067923553,0.05894416185751176,0.04364146855067599
202,0.2264018956631727,0.05881022888459311,0.04394665364543596
203,0.21350848778923,0.0586371718949185,0.04364146855067599
204,0.200870670522026,0.05842699664636397,0.0424207281716361
205,0.1884808735282435,0.05819001940758824,0.0424207281716361
206,0.1763391571438186,0.05792491154093399,0.04303109836115604
207,0.16444939943487769,0.05762446959594512,0.04211554307687612
208,0.15280596147128933,0.05729557575998488,0.04181035798211615
209,0.14140702448084436,0.056939183602177215,0.04119998779259621
210,0.13024887281920794,0.0565589198120422,0.04089480269783624
211,0.11932970374554604,0.05615538460185425,0.04089480269783624
212,0.10864962640406456,0.055726174433867876,0.040589617603076264
213,0.09820685157998008,0.055271591728018925,0.039674062318796346
214,0.08799578730866844,0.05479748306058858,0.038758507034516436
215,0.07801084885705628,0.054309535143621294,0.03814813684499649
216,0.06824836211336324,0.053810458488503785,0.03814813684499649
217,0.058708467061190234,0.05329716968618555,0.03784295175023652
218,0.04938940180840242,0.0527693684619815,0.03753776665547655
219,0.04028940853408088,0.05222666489099792,0.03662221137119663
220,0.03140292337504005,0.051674284849184786,0.03601184118167669
221,0.022726291798169217,0.0511145068408376,0.03540147099215674
222,0.014255862017248426,0.050549548591912366,0.03509628589739677
223,0.005989889463537403,0.049978727494642515,0.034485915707876826
224,-0.002075274081789289,0.049404182419956706,0.034180730613116855
225,-0.00994137004387567,0.04882516141620848,0.03295999023407697
226,-0.01761585422676526,0.04824945186733622,0.032654805139317
227,-0.02510046575800272,0.047676250647576676,0.03234962004455702
228,-0.03239694471716921,0.047104775697925025,0.03204443494979705
229,-0.039507031905758314,0.04653426095103095,0.03143406476027711
230,-0.046434373801764746,0.04596680598763233,0.030823694570757162
231,-0.05318261718362292,0.04540451678389116,0.030518509475997192
232,-0.059753504538178126,0.044846664193993524,0.02990813928647725
233,-0.06615068503659649,0.04429540669104366,0.029602954191717275
234,-0.07237590393819361,0.04375007614089367,0.028992584002197334
235,-0.07843281361030217,0.04321290121018903,0.02868739890743736
236,-0.08432316292126932,0.04268329319537802,0.028382213812677387
237,-0.09004870308048758,0.04216071502145764,0.027771843623157447
238,-0.09561309270384458,0.041647532769087,0.0271614734336375
239,-0.10101999244436355,0.04114615718604507,0.02685628833887753
240,-0.10627116042367274,0.04065620322668169,0.02655110324411756
241,-0.11136835815129852,0.04017736050920644,0.026245918149357585
242,-0.1163133504145646,0.03970939088029754,0.02563554795983764
243,-0.12110981045274054,0.03925498203927983,0.02533036286507767
244,-0.12575950937344096,0.038814034923204496,0.025025177770317698
245,-0.1302642221755515,0.03838653618904477,0.024719992675557724
246,-0.13462572772103598,0.037972557583752925,0.024414807580797754
247,-0.13884580873128,0.03757225585555515,0.024414807580797754
248,-0.1429243465209119,0.03718301733235042,0.024109622486037784
249,-0.1468631316083379,0.03680517059151938,0.023499252296517836
250,-0.1506658629833986,0.036441970109602366,0.023194067201757866
251,-0.15433433761892906,0.03609388644968675,0.022888882106997896
252,-0.15787035669093386,0.03576148271707389,0.022888882106997896
253,-0.1612738204072272,0.03544256142733594,0.022583697012237922
254,-0.16454653877486614,0.035137880208480486,0.02227851191747795
255,-0.1676903256707066,0.03484828187190554,0.02227851191747795
256,-0.17070509374276532,0.034571842981396095,0.02197332682271798
257,-0.17359266527771822,0.034309591550845224,0.021362956633198035
258,-0.17635677166064823,0.034065495001412316,0.02105777153843806
259,-0.17899924303197845,0.03384075413178883,0.02044740134891812
260,-0.18152382006673773,0.03363954072786476,0.02044740134891812
261,-0.18393043834217704,0.03346043614701144,0.019837031159398173
262,-0.18622285083781961,0.03330788301116987,0.02075258644367809
263,-0.188395290220015,0.03317218159076841,0.021668141727958008
264,-0.19044199675224066,0.03304379964407205,0.02227851191747795
265,-0.19235912085188345,0.03291616763977134,0.022888882106997896
266,-0.19414281502748265,0.032782762192992435,0.023194067201757866
267,-0.19579113733169565,0.03263992105021558,0.022888882106997896
268,-0.19730595483271912,0.03248965841842046,0.023194067201757866
269,-0.1986853212165012,0.032328215989405724,0.023499252296517836
270,-0.19992728803505286,0.03215178856375186,0.023194067201757866
271,-0.20103371431198422,0.03196221335868185,0.022888882106997896
272,-0.20200645477544796,0.031761233018170604,0.023194067201757866
273,-0.2028435496946591,0.0315447940994961,0.022583697012237922
274,-0.2035487521016297,0.031317340844128266,0.022583697012237922
275,-0.20412199990504917,0.031077506782935783,0.022583697012237922
276,-0.20456322785198505,0.030823855905149324,0.02197332682271798
277,-0.20487617784200643,0.03056058733034347,0.02197332682271798
278,-0.2050607771110604,0.030286099701082057,0.021668141727958008
279,-0.20511885549125627,0.030001587638330978,0.021668141727958008
280,-0.2050503342406998,0.0297053182584511,0.021362956633198035
281,-0.20485703710132835,0.029398352143973752,0.02105777153843806
282,-0.204540784446657,0.02908167570765713,0.02105777153843806
283,-0.20410148821872384,0.028753351074149204,0.02044740134891812
284,-0.20354286831046303,0.028417092753212744,0.02044740134891812
285,-0.20286483054054696,0.028070828090431557,0.020142216254158147
286,-0.20206918382327688,0.027715291249056213,0.019837031159398173
287,-0.20115773420681463,0.02735115328482394,0.019226660969878233
288,-0.20013419046449277,0.026981883755411662,0.019226660969878233
289,-0.19899844814787115,0.026605184041508946,0.019226660969878233
290,-0.19775040133211158,0.026218723121937373,0.01892147587511826
291,-0.1963918473456897,0.02582298013596917,0.01892147587511826
292,-0.19492267532903615,0.025415515562008748,0.01892147587511826
293,-0.193342771755241,0.02499383127700342,0.01892147587511826
294,-0.19165201973004822,0.024555355157052514,0.01892147587511826
295,-0.18985029827494782,0.024097425308005804,0.018616290780358286
296,-0.18793938699270793,0.023620131072890505,0.018311105685598315
297,-0.18592105990898217,0.023123439062448865,0.018005920590838345
298,-0.18379708549787152,0.022607193721902865,0.01770073549607837
299,-0.18156922667226053,0.022071117122824984,0.017090365306558428
300,-0.17924114615565584,0.02151766537824412,0.016785180211798457
301,-0.17681459557597912,0.02094631214607173,0.016479995117038484
302,-0.17429132157987337,0.020356421484901445,0.01586962492751854
303,-0.17167497110824195,0.019750102046427544,0.01586962492751854
304,-0.16896537493723007,0.01912363052935606,0.015259254737998596
305,-0.16616616998942751,0.01847889511168852,0.014648884548478652
306,-0.16328098741938324,0.01781765693605436,0.014038514358958708
307,-0.16031345315503365,0.017141562028391635,0.013733329264198737
308,-0.1572652829590474,0.0164492947017674,0.013122959074678793
309,-0.15414009378111695,0.015742303323634237,0.012512588885158849
310,-0.15094149794346493,0.015021934343408136,0.012207403790398877
311,-0.14767119810263554,0.0142865836057676,0.011597033600878933
312,-0.14433279853560813,0.013537420456021337,0.011291848506118961
313,-0.14092799377309856,0.012772661932143112,0.010376293221839045
314,-0.13746228530967702,0.01199615382878846,0.009765923032319102
315,-0.13393926471977066,0.011208785758183907,0.009155552842799158
316,-0.13036252021654782,0.010411373308712177,0.008545182653279214
317,-0.12673563690656856,0.009604663653713442,0.00793481246375927
318,-0.12306219702319421,0.0087893406925958,0.007324442274239326
319,-0.11934578014036817,0.007966029759717193,0.007019257179479354
320,-0.11558805789121203,0.0071324438283918035,0.0061037018951994385
321,-0.11179451057611242,0.006291961762765989,0.0057985168004394665
322,-0.10796680459835563,0.00544218142056092,0.005493331705679495
323,-0.10410660438375777,0.004580657178952781,0.005188146610919523
324,-0.10021557169234878,0.0037048847758020627,0.004882961516159551
325,-0.09629536491764272,0.0028122858768334126,0.004272591326639607
326,-0.09234954385506912,0.0019030504823976642,0.004272591326639607
327,-0.08837785250643389,0.0009715460314829236,0.003662221137119663
328,-0.08438384107876423,1.77514527245809e-05,0.0030518509475997192
329,-0.08037105339889047,-0.0009584948012812901,0.0021362956633198035
330,-0.0763449323951938,-0.0019546366624763733,0.0009155552842799158
331,-0.07231282005068687,-0.0029654014793271686,-0.0006103701895199438
332,-0.06828395813271727,-0.003982783921942729,-0.0021362956633198035
333,-0.06426758421212256,-0.004998870986000218,-0.003357036042359691
334,-0.06027102846804447,-0.006008649728605268,-0.004577776421399579
335,-0.05630162144141772,-0.007007099142821643,-0.00640888698995941
336,-0.05237050643460857,-0.007983442211983893,-0.008239997558519242
337,-0.04848882997141247,-0.008926830692069542,-0.009765923032319102
338,-0.044665839403288804,-0.009829135276363287,-0.011291848506118961
339,-0.04091079150202413,-0.010682018988354023,-0.011597033600878933
340,-0.03722533289209002,-0.011488318190483883,-0.011902218695638905
341,-0.03361112436781955,-0.012250557438740319,-0.013122959074678793
342,-0.030075556489366332,-0.012962393327565203,-0.013733329264198737
343,-0.026622221495083396,-0.013622920621922423,-0.013428144169438765
344,-0.023249009677736902,-0.01423948998602979,-0.014038514358958708
345,-0.019959542445978938,-0.014810554423461523,-0.014038514358958708
346,-0.016753642889587948,-0.01534000542760581,-0.013428144169438765
347,-0.013627336242442712,-0.01583716303810822,-0.013733329264198737
348,-0.010582376058618895,-0.016302511004331714,-0.014648884548478652
349,-0.007624336059297522,-0.01673061367011957,-0.015259254737998596
350,-0.004756893625449331,-0.017118692564678774,-0.015564439832758568
351,-0.0019818313664293125,-0.017466592009365785,-0.01586962492751854
352,0.0006990566276624554,-0.017773903750513707,-0.016479995117038484
353,0.0032820592956155133,-0.018037108238090006,-0.01617481002227851
354,0.005769170268379764,-0.018261002953719303,-0.01586962492751854
355,0.008162370515031967,-0.018450106939806754,-0.01617481002227851
356,0.010459818838025712,-0.018602975716986027,-0.015564439832758568
357,0.012665380380170937,-0.018726518255352632,-0.016479995117038484
358,0.01477338268407479,-0.01881312644556175,-0.01586962492751854
359,0.0167876720775034,-0.018869295408678616,-0.01434369945371868
360,0.018717800602642654,-0.01890986006741727,-0.015259254737998596
361,0.02055806805844177,-0.018926601990800027,-0.015259254737998596
362,0.022308486082755513,-0.01891977721340653,-0.015259254737998596
363,0.023969059478473827,-0.01888949140585928,-0.01434369945371868
364,0.02554550260071333,-0.01884427442684478,-0.014648884548478652
365,0.02703590132290539,-0.018781077477758083,-0.014954069643238624
366,0.028438337234238425,-0.018696757514678936,-0.015564439832758568
367,0.02974898132586721,-0.018585200348096374,-0.013733329264198737
368,0.030979242038341355,-0.01846301971601777,-0.014038514358958708
369,0.03212718193055154,-0.01832665386577269,-0.014038514358958708
370,0.033192765951965374,-0.01817533165220679,-0.01434369945371868
371,0.0341740495413636,-0.018005334717908873,-0.015564439832758568
372,0.03506336751884275,-0.017804277216436327,-0.01434369945371868
373,0.035868292876552896,-0.017582516952110903,-0.01281777397991882
374,0.03659829515004043,-0.017353073492689025,-0.011902218695638905
375,0.03725902706190087,-0.017123120424273313,-0.013122959074678793
376,0.03784280101911383,-0.016879778755371385,-0.013733329264198737
377,0.03834574016182625,-0.016615881667992907,-0.013428144169438765
378,0.03876968012559748,-0.01633275107938225,-0.013122959074678793
379,0.03911645065160608,-0.016031579201480243,-0.012512588885158849
380,0.03938978141665082,-0.01571629468146779,-0.011291848506118961
381,0.039597207832744626,-0.015396427989251995,-0.011902218695638905
382,0.03973482855856299,-0.015064273701419597,-0.011291848506118961
383,0.03980636274724169,-0.014723528776896061,-0.012207403790398877
384,0.03980599875310843,-0.014363523394143303,-0.011597033600878933
385,0.03973744973946743,-0.0139878227891853,-0.010376293221839045
386,0.03960823426959602,-0.013605586500333772,-0.00946073793755913
387,0.039423960959928006,-0.013223017247002268,-0.010071108127079073
388,0.039180709253206505,-0.012831986966629128,-0.00946073793755913
389,0.03888218033934552,-0.012435797199932668,-0.008545182653279214
390,0.03853397845255413,-0.012040554120841648,-0.007629627368999298
391,0.03814170635741393,-0.011652331443553115,-0.00793481246375927
392,0.037703345229260964,-0.011265776975576972,-0.008239997558519242
393,0.037216878250527656,-0.010875582788844087,-0.00793481246375927
394,0.0366841000164211,-0.01048216749468926,-0.007324442274239326
395,0.0361087095511466,-0.010088784800009312,-0.006714072084719382
396,0.035494404960087836,-0.009698668139587951,-0.0061037018951994385
397,0.03484488436270728,-0.009315051206263476,-0.00640888698995941
398,0.03415813039550208,-0.00893261411953961,-0.00640888698995941
399,0.033434033029792094,-0.008548936074254,-0.0057985168004394665
400,0.032676293526940035,-0.00816731990904483,-0.005188146610919523
401,0.03188861279639336,-0.007791060675280806,-0.005493331705679495
402,0.031068975907144955,-0.007414892109345723,-0.004882961516159551
403,0.030221085898526467,-0.007042156123893777,-0.004272591326639607
404,0.029348645839274046,-0.006676195240901293,-0.003967406231879635
405,0.02845345430481681,-0.00631751552707551,-0.003662221137119663
406,0.027537311814426372,-0.005966665816110209,-0.004272591326639607
407,0.026596304529588152,-0.005615666401959001,-0.003662221137119663
408,0.02563414278411072,-0.005268019648516486,-0.0030518509475997192
409,0.024654536871350642,-0.004927227001626211,-0.003357036042359691
410,0.023655481596651432,-0.004588236528904968,-0.0030518509475997192
411,0.022638784697663825,-0.004251755918513298,-0.0021362956633198035
412,0.021610065399277126,-0.003924220634974274,-0.0018311105685598315
413,0.020571132678662632,-0.0036063656060449857,-0.0018311105685598315
414,0.01952189259327086,-0.003296124007107132,-0.0012207403790398877
415,0.018466064948235383,-0.0029972065167590974,-0.0012207403790398877
416,0.017403560760910937,-0.002707655441447694,-0.0018311105685598315
417,0.016330483322852928,-0.0024198681092048886,-0.0015259254737998596
418,0.015248655070558904,-0.002134875598266644,-0.0021362956633198035
419,0.014154182485750486,-0.0018451454546837918,-0.0009155552842799158
420,0.01305460577343287,-0.0015603121962667252,0.0009155552842799158
421,0.011961274756191166,-0.0012956969136329074,0.0
422,0.010868391276019407,-0.001040927567778162,0.0
423,0.009775879435081255,-0.0007943343760263006,-0.0006103701895199438
424,0.008679855184001104,-0.0005485932249090105,0.0
425,0.0075840587688225086,-0.00030786451317609464,-0.0003051850947599719
426,0.0064865142168884634,-6.773932470525206e-05,0.0009155552842799158
427,0.005394774432010336,0.00016186847028546808,0.0009155552842799158
428,0.004308770539991593,0.00038247411877789003,0.0012207403790398877
429,0.0032303421709480324,0.0005926682695575273,0.0006103701895199438
430,0.0021556150735379865,0.000799559461056559,0.0012207403790398877
431,0.0010883399338271259,0.0009987576071909532,0.0006103701895199438
432,2.4646434148682846e-05,0.0011972847041240963,0.0009155552842799158
433,-0.0010336170733144235,0.0013935395105505463,0.0012207403790398877
434,-0.0020846020440394024,0.0015859165520733694,0.0012207403790398877
435,-0.003128364769456005,0.0017756542458225416,0.0018311105685598315
436,-0.004161149453800087,0.00195825008408852,0.0012207403790398877
437,-0.005186821494215161,0.0021406178147591916,0.0024414807580797754
438,-0.00619781131513677,0.0023124767615518025,0.0024414807580797754
439,-0.007194171225406311,0.0024749777157827934,0.0018311105685598315
440,-0.008179761493734635,0.0026349216015344964,0.0024414807580797754
441,-0.00915081775619793,0.002787617399371324,0.0024414807580797754
442,-0.010107385889722294,0.0029340744003301194,0.0021362956633198035
443,-0.011051415178942023,0.0030781143769891585,0.0027466658528397473
444,-0.011979136658804191,0.003214945077624984,0.0027466658528397473
445,-0.01289059164460604,0.0033454754367169457,0.0024414807580797754
446,-0.013787724870118248,0.003473427110887036,0.003357036042359691
447,-0.014664857316596207,0.003591049143268755,0.003357036042359691
448,-0.015522025685043742,0.0036991489495943686,0.0027466658528397473
449,-0.01636307468555331,0.003804185183494737,0.0027466658528397473
450,-0.017188035324443914,0.003906839986295697,0.0030518509475997192
451,-0.017995032243477503,0.004004917959213315,0.0030518509475997192
452,-0.018784094887310507,0.00409906688531373,0.0030518509475997192
453,-0.019555251387782413,0.004189905666423219,0.0030518509475997192
454,-0.020308528749722186,0.004278028410832072,0.0027466658528397473
455,-0.021045858513827405,0.004366866541697187,0.0030518509475997192
456,-0.021765360470898023,0.004454117937044298,0.0030518509475997192
457,-0.0224670601023495,0.004540343192230369,0.0030518509475997192
458,-0.023150982434434534,0.004626092889752678,0.0030518509475997192
459,-0.023817152199037885,0.004711911136769576,0.0027466658528397473
460,-0.024467499476419383,0.0048011972360829875,0.0027466658528397473
461,-0.025102048881408184,0.004894492724828652,0.003357036042359691
462,-0.025717015054262563,0.004986644635226129,0.003662221137119663
463,-0.026310519270396907,0.005075383498465143,0.003357036042359691
464,-0.026884493446217555,0.005164149014401771,0.003662221137119663
465,-0.027437057550318555,0.00525064296323938,0.003662221137119663
466,-0.027968237043353494,0.005335425484437015,0.004272591326639607
467,-0.02847424576645379,0.005413326009948828,0.004577776421399579
468,-0.028953202554393407,0.005482021363283108,0.004272591326639607
469,-0.02940703523569423,0.005544861310316061,0.003967406231879635
470,-0.029837668998162224,0.005605137526151162,0.003662221137119663
471,-0.03024702734976475,0.005666104733713999,0.003967406231879635
472,-0.030633222095958375,0.005725285115046396,0.003967406231879635
473,-0.030996270723983713,0.005783063394013866,0.004577776421399579
474,-0.03133237924207217,0.005834096662936026,0.004577776421399579
475,-0.03164156422309556,0.005878749524795724,0.004577776421399579
476,-0.03192384030520005,0.005917344018968945,0.004577776421399579
477,-0.03217922029639244,0.005950161922014259,0.004272591326639607
478,-0.032409620749839885,0.005980304954213615,0.003967406231879635
479,-0.03261695656161791,0.006010838382002824,0.003967406231879635
480,-0.0328012363775911,0.00604195241804358,0.004272591326639607
481,-0.03296056347282574,0.006070981565991504,0.004272591326639607
482,-0.03309494677178613,0.006098122166526602,0.004577776421399579
483,-0.03320248911825407,0.006120699232601322,0.004577776421399579
484,-0.03328319829706572,0.006138884031678516,0.004272591326639607
485,-0.03333898626665943,0.0061556772039178965,0.005188146610919523
486,-0.033364141795330565,0.00616261899196329,0.005188146610919523
487,-0.033358669700007774,0.00615981536780119,0.004882961516159551
488,-0.033324477454356044,0.006150168306501633,0.004577776421399579
489,-0.03326346973669366,0.0061365182855985315,0.004272591326639607
490,-0.0331775492624487,0.006121662598222806,0.004272591326639607
491,-0.03306671211638609,0.006105515107890444,0.004272591326639607
492,-0.03293095403744791,0.006087982069930223,0.004272591326639607
493,-0.03277027039404646,0.006068961587931063,0.004577776421399579
494,-0.032582750674537655,0.006045484851190628,0.003967406231879635
495,-0.032372200388537796,0.006023148175987454,0.004272591326639607
496,-0.032136707319571335,0.005998945244431498,0.004577776421399579
497,-0.03187435957804588,0.005969876931852251,0.004577776421399579
498,-0.031585150221725346,0.005935790508556088,0.004272591326639607
499,-0.03127097639564683,0.005899360715762491,0.004577776421399579
500,-0.03092992283986492,0.005857514281948278,0.003967406231879635
501,-0.03056579007094476,0.0058157376706379615,0.004272591326639607
502,-0.030176660603117283,0.00577090864122485,0.004272591326639607
503,-0.029762522453510323,0.0057227635682717505,0.004272591326639607
504,-0.029323362763707752,0.005671019564463755,0.004272591326639607
505,-0.028859167724130746,0.005615372817033148,0.004577776421399579
506,-0.028368017009572755,0.00555263862361393,0.004577776421399579
507,-0.027849894658511197,0.005482465831937757,0.004577776421399579
508,-0.02730478267646762,0.005404458565224289,0.003967406231879635
509,-0.026736471902506765,0.005323890371204636,0.003662221137119663
510,-0.026146845445442286,0.005243127181138997,0.003967406231879635
511,-0.025533974712152067,0.005158802398358622,0.004272591326639607
512,-0.024895931053181133,0.005067548192638433,0.003662221137119663
513,-0.024236501249365532,0.004974548820072205,0.003967406231879635
514,-0.0235537536420189,0.00487637024715086,0.003357036042359691
515,-0.022851472524507477,0.004778141997939083,0.003357036042359691
516,-0.02212962973641995,0.004679244535147331,0.003662221137119663
517,-0.02138629161841603,0.004576199813586127,0.003967406231879635
518,-0.020619524318755723,0.00446552556174413,0.003662221137119663
519,-0.019831203765447728,0.004349429728937474,0.003357036042359691
520,-0.019023203698466155,0.004230072122978042,0.0030518509475997192
521,-0.01819739630307522,0.00410957834322862,0.003357036042359691
522,-0.017351841858707393,0.003984337004927641,0.003357036042359691
523,-0.016486505803864175,0.0038535877541176853,0.0024414807580797754
524,-0.015607068672011726,0.0037251148952869174,0.0027466658528397473
525,-0.014711587475059105,0.003595235157410581,0.0027466658528397473
526,-0.013800025363220364,0.0034631378394914215,0.0030518509475997192
527,-0.012870439597102384,0.003325145152063724,0.0021362956633198035
528,-0.011928508745317251,0.003188998156971535,0.0024414807580797754
529,-0.010972287741568287,0.0030509678698984366,0.0027466658528397473
530,-0.009999832048498709,0.0029073369500513153,0.0027466658528397473
531,-0.009011102074650517,0.0027572343858952453,0.0021362956633198035
532,-0.008009867595337578,0.0026054702599969883,0.0021362956633198035
533,-0.006996085556785651,0.0024510973844301884,0.0021362956633198035
534,-0.005969712428571065,0.0022931580862704496,0.0018311105685598315
535,-0.0049326094189149385,0.00213353645248532,0.0021362956633198035
536,-0.003882825739203825,0.001968377621359076,0.0021362956633198035
537,-0.0028203156051009384,0.0017966743369161014,0.0015259254737998596
538,-0.0017488426185383427,0.0016231008527681768,0.0012207403790398877
539,-0.0006702630174707223,0.001449431903485358,0.0015259254737998596
540,0.0004173784712501697,0.001271713969451298,0.0012207403790398877
541,0.0015122261734058738,0.001091709383227765,0.0012207403790398877
542,0.002614331063538279,0.0009082966999665498,0.0012207403790398877
543,0.0037237447720895175,0.0007203400455085024,0.0006103701895199438
544,0.004836708931666901,0.0005323985005695295,0.0009155552842799158
545,0.0059551829411541865,0.0003404277820112467,0.0006103701895199438
546,0.007077315219688943,0.00014610016369491345,0.0003051850947599719
547,0.008201255341996276,-4.8937504803586474e-05,0.0003051850947599719
548,0.009327059046574226,-0.00024591147771870707,0.0
549,0.010452876787768225,-0.00044319425808600737,0.0
550,0.011578765063101409,-0.0006420287991332991,-0.0006103701895199438
551,0.012700969483091174,-0.0008379435398603874,-0.0006103701895199438
552,0.013819547078978561,-0.001032193174634695,-0.0006103701895199438
553,0.014934554044517198,-0.001226013973203999,-0.0012207403790398877
554,0.016042235120518656,-0.001414915238110534,-0.0015259254737998596
555,0.017140740412709292,-0.0015972617980014585,-0.0015259254737998596
556,0.018230124103477578,-0.0017742456682789405,-0.0015259254737998596
557,0.019310438495127508,-0.0019470175026111347,-0.0009155552842799158
558,0.020385545326497615,-0.0021224105678743915,-0.0018311105685598315
559,0.021449777691327346,-0.002292940419926967,-0.0018311105685598315
560,0.022503185897526777,-0.0024597138353728222,-0.0015259254737998596
561,0.023547724345120747,-0.002626665125740516,-0.0021362956633198035
562,0.024579629895402706,-0.002789130230231642,-0.0021362956633198035
563,0.02559895043499257,-0.002948162656985542,-0.0024414807580797754
564,0.026603827076958197,-0.0031019293860654108,-0.0024414807580797754
565,0.02759430543667922,-0.0032514339569482036,-0.0027466658528397473
566,0.02856852413265061,-0.0033947884650842525,-0.0024414807580797754
567,0.029528431533843855,-0.0035357945425061026,-0.0030518509475997192
568,0.03047025778615314,-0.003669640370718862,-0.0030518509475997192
569,0.0313940433347356,-0.003797215741087827,-0.0030518509475997192
570,0.03229982657090719,-0.003919365261610026,-0.0030518509475997192
571,0.03318764408736376,-0.0040368939717443575,-0.003662221137119663
572,0.034053719949115976,-0.0041448562590443595,-0.0030518509475997192
573,0.03490189883862918,-0.0042497101788115796,-0.0030518509475997192
574,0.035732211722800875,-0.00435213700578691,-0.0030518509475997192
575,0.03654468867690337,-0.004452798399882807,-0.003357036042359691
576,0.03733745359483036,-0.0045494825045492215,-0.003662221137119663
577,0.038108629864413365,-0.004639966325804094,-0.003357036042359691
578,0.038860150702825065,-0.004727718170265386,-0.003357036042359691
579,0.039592042063606885,-0.004813309019336352,-0.004272591326639607
580,0.04029861266257904,-0.004888718029440305,-0.004272591326639607
581,0.04097988705041037,-0.004954485310127712,-0.004272591326639607
582,0.0416358868572141,-0.005011086719823196,-0.003662221137119663
583,0.04227044191624273,-0.00506465365709585,-0.003662221137119663
584,0.04288356846255915,-0.005115543295463739,-0.003357036042359691
585,0.043477187345056394,-0.0051669518495813735,-0.003662221137119663
586,0.04404940767615137,-0.00521634225996254,-0.003967406231879635
587,0.04459833871730341,-0.005261180743441195,-0.004882961516159551
588,0.04511827818327975,-0.005293204409195124,-0.005493331705679495
589,0.04560542796769157,-0.005306979833369671,-0.004577776421399579
590,0.046065513708053604,-0.005311283656766073,-0.004272591326639607
591,0.046500444839542056,-0.0053090609931360925,-0.003967406231879635
592,0.04691212808050669,-0.005303197186650517,-0.003967406231879635
593,0.04730056279341201,-0.005293678211530123,-0.003967406231879635
594,0.04766574729632446,-0.005280467065128282,-0.003967406231879635
595,0.04800767885888905,-0.005263503679422867,-0.004577776421399579
596,0.04832254272388063,-0.005236988315460719,-0.004272591326639607
597,0.0486122395094656,-0.0052036721140469745,-0.003967406231879635
598,0.04887866709406133,-0.005166245940322728,-0.004272591326639607
599,0.04911991043745216,-0.005121641370190803,-0.003967406231879635
600,0.04933786428853684,-0.00507248041879715,-0.003967406231879635
601,0.049532515853236384,-0.0050184816158571465,-0.0030518509475997192
602,0.04970956748319056,-0.004967909307391655,-0.0027466658528397473
603,0.049870909174466495,-0.0049232809356891056,-0.003662221137119663
604,0.05001080996866677,-0.004875702801816405,-0.003662221137119663
605,0.050129257064963566,-0.004824893286049697,-0.003967406231879635
606,0.05022433133194186,-0.004767693961912389,-0.004577776421399579
607,0.05029220722653874,-0.004698067816524327,-0.004272591326639607
608,0.05033477382628231,-0.004618512094622541,-0.003967406231879635
609,0.05035391664446722,-0.004531445625276699,-0.003967406231879635
610,0.05034961286168221,-0.004436366384144724,-0.0024414807580797754
611,0.05033136492885103,-0.004347015941779004,-0.0021362956633198035
612,0.05030105106006187,-0.004265652522352886,-0.0030518509475997192
613,0.05025292917213714,-0.004183137699842587,-0.003662221137119663
614,0.050183164957101484,-0.004093241642781827,-0.003967406231879635
615,0.0500898292614624,-0.003992585452107029,-0.003357036042359691
616,0.04997670727059493,-0.0038863182608737837,-0.0021362956633198035
617,0.04985139205530973,-0.003785237718877085,-0.0018311105685598315
618,0.04971575862126041,-0.0036915314594657645,-0.0027466658528397473
619,0.04956406151878125,-0.0035959870146667064,-0.0027466658528397473
620,0.04939627387010651,-0.0034980130707102136,-0.0027466658528397473
621,0.049212368270187004,-0.00339700671427992,-0.0015259254737998596
622,0.04901993856147904,-0.003303782547803042,-0.0018311105685598315
623,0.04881705028678691,-0.003214844983929703,-0.0018311105685598315
624,0.048603676707000165,-0.0031296057542911392,-0.0027466658528397473
625,0.04837407585338265,-0.003038928995634628,-0.0030518509475997192
626,0.048126317790140885,-0.0029394186077168908,-0.0021362956633198035
627,0.04786609296763498,-0.002839077042242463,-0.0015259254737998596
628,0.047597183816583344,-0.002742992796749249,-0.0018311105685598315
629,0.0473176560697013,-0.0026476744722847456,-0.0018311105685598315
630,0.04702748216730577,-0.002552515752045664,-0.0021362956633198035
631,0.046724729282541226,-0.0024540569320963025,-0.0009155552842799158
632,0.046416992068576586,-0.002363130419026856,-0.0012207403790398877
633,0.046102336797979336,-0.0022762566925329493,-0.0021362956633198035
634,0.04577502092949676,-0.002184287316168454,-0.0021362956633198035
635,0.04543501954503651,-0.002086674092927369,-0.0021362956633198035
636,0.045082306264904504,-0.001982836670872053,-0.0006103701895199438
637,0.04472638052655458,-0.001886450206742956,-0.0003051850947599719
638,0.044369118033986486,-0.001799717687213167,-0.0009155552842799158
639,0.0440066801665079,-0.0017163144397674408,-0.0015259254737998596
640,0.043635231072122575,-0.0016299767081401609,-0.0018311105685598315
641,0.04325284134089021,-0.001537319969364616,-0.0018311105685598315
642,0.042859486208476086,-0.0014377994094662003,-0.0009155552842799158
643,0.042460855560484075,-0.0013394050234111798,-0.0003051850947599719
644,0.042060731826618215,-0.0012472252684751345,-0.0006103701895199438
645,0.04165718129714059,-0.0011577810239150207,-0.0012207403790398877
646,0.0412463665571237,-0.001064774154698296,-0.0012207403790398877
647,0.04082826195130093,-0.000967640245001267,0.0003051850947599719
648,0.04041236824077043,-0.0008800835472092838,0.0
649,0.03999675207722925,-0.0007986328934590746,-0.0003051850947599719
650,0.03957948285928159,-0.0007198775496489937,-0.0009155552842799158
651,0.03915672624912483,-0.000637587081064548,-0.0009155552842799158
652,0.038728459657404055,-0.0005512645219019827,-0.0003051850947599719
653,0.03829847045628426,-0.00046610706094873727,0.0
654,0.03786863937373336,-0.0003844282130374054,0.0
655,0.03743894198415652,-0.0003056906139845203,-0.0003051850947599719
656,0.037007449371930144,-0.0002265206189933021,-0.0003051850947599719
657,0.03657413895282753,-0.00014642137459735505,-0.0003051850947599719
658,0.03613898801859723,-6.489329880899944e-05,0.0
659,0.03570387908225453,1.5710822469079886e-05,0.0003051850947599719
660,0.03527069424699291,9.304721953488575e-05,0.0
661,0.03483750490541216,0.00017048275571549806,0.0003051850947599719
662,0.03440619436299657,0.00024564721081064215,0.0003051850947599719
663,0.03397674040898577,0.0003190292219378334,0.0003051850947599719
664,0.033549121484029366,0.00039110309515151,0.0009155552842799158
665,0.03312712751561447,0.0004566154257754875,0.0
666,0.032705021367479534,0.0005245957121075091,0.0003051850947599719
667,0.03228468973657508,0.0005925991214815593,0.0003051850947599719
668,0.031866113124181854,0.00066105462609671,0.0003051850947599719
669,0.03144927202495176,0.0007303913440546262,0.0003051850947599719
670,0.03103414680386725,0.0008010412462749007,0.0003051850947599719
671,0.030620717573158974,0.0008734418643305798,0.0003051850947599719
672,0.03020896406840547,0.0009480390162849182,0.0009155552842799158
673,0.029802676498435154,0.0010195731067011902,0.0012207403790398877
674,0.02940373895426321,0.0010856566319551598,0.0009155552842799158
675,0.029010225430105025,0.001149599220246027,0.0009155552842799158
676,0.028622116971259184,0.00121181787508827,0.0009155552842799158
677,0.028239395237111508,0.0012727160901486471,0.0003051850947599719
678,0.027858231406326407,0.0013384029392425516,0.0006103701895199438
679,0.02748051349917985,0.0014064044756546923,0.0012207403790398877
680,0.027110033649928707,0.0014714187418811654,0.0012207403790398877
681,0.026746772353707586,0.0015338748448618404,0.0012207403790398877
682,0.02639071096249344,0.0015941830411035384,0.0012207403790398877
683,0.026041831562025216,0.0016527374444506495,0.0012207403790398877
684,0.02570011685413032,0.0017099186149053612,0.0012207403790398877
685,0.025365550043681295,0.0017660960455839867,0.0009155552842799158
686,0.025036209242042945,0.001824488791062671,0.0012207403790398877
687,0.024713983823310807,0.0018825931181767877,0.0012207403790398877
688,0.024398857038746037,0.001940777499901711,0.0012207403790398877
689,0.024090812222344396,0.001999408589202759,0.0015259254737998596
690,0.023791738172427825,0.002055995318653738,0.0012207403790398877
691,0.023499712584607067,0.0021137658907653405,0.0015259254737998596
692,0.023216624715409986,0.0021702191572335727,0.0012207403790398877
693,0.022940552507349568,0.002228577889688588,0.0012207403790398877
694,0.02267147976803866,0.0022891983223717258,0.0012207403790398877
695,0.02240938975856024,0.002352448713460595,0.0018311105685598315
696,0.02215807606543986,0.0024129951467458744,0.0018311105685598315
697,0.021917520546559353,0.0024712367490002858,0.0018311105685598315
698,0.021687705835385634,0.002527555584292713,0.0018311105685598315
699,0.021468615226488796,0.0025823191725830425,0.0018311105685598315
700,0.021260232565954416,0.0026358829006469697,0.0018311105685598315
701,0.021062542145967658,0.002688592341223635,0.0015259254737998596
702,0.020873623116041573,0.0027436437159244725,0.0015259254737998596
703,0.020693460357648318,0.0028013696347177867,0.0024414807580797754
704,0.020527754540806978,0.002853542827612225,0.0021362956633198035
705,0.020374583621175252,0.002903385780377118,0.0021362956633198035
706,0.02023393263390583,0.0029512277201136253,0.0021362956633198035
707,0.020105787282542264,0.002997383169458481,0.0021362956633198035
708,0.01999013384458613,0.003042154024097086,0.0021362956633198035
709,0.01988695908128204,0.003085831537487346,0.0021362956633198035
710,0.019796250151024555,0.0031286982259038595,0.0018311105685598315
711,0.01971608903934058,0.0031738879224338587,0.0018311105685598315
712,0.019646463450884933,0.00322167112702332,0.0021362956633198035
713,0.019589265910419665,0.003269474783174203,0.0024414807580797754
714,0.019546388198699367,0.0033147422011358557,0.0027466658528397473
715,0.019519722090492967,0.0033549168212716977,0.0027466658528397473
716,0.019509254601652596,0.003390284294295649,0.0024414807580797754
717,0.01951306872257771,0.003423956347134064,0.0024414807580797754
718,0.019531154308814715,0.0034561561584938055,0.0021362956633198035
719,0.019561596216041588,0.0034899544209962374,0.0021362956633198035
720,0.01960438520845578,0.003525554324085978,0.0021362956633198035
721,0.019659511591779966,0.0035631691438493935,0.0030518509475997192
722,0.01973268161319834,0.003594448891157931,0.0030518509475997192
723,0.019823884483535475,0.003619630927031314,0.0024414807580797754
724,0.01992930025872136,0.0036446290573234814,0.0027466658528397473
725,0.020050827201794342,0.0036667439774739595,0.0030518509475997192
726,0.02019036362847054,0.0036832752230512977,0.0024414807580797754
727,0.020344092223607623,0.0037000787653216987,0.0030518509475997192
728,0.02051581921739571,0.003711542502088812,0.003357036042359691
729,0.02070744527592893,0.003714914259557354,0.0030518509475997192
730,0.02091706162513609,0.003713124586690712,0.0024414807580797754
731,0.02114085632613021,0.0037119111784992454,0.0024414807580797754
732,0.021378829892240644,0.0037112627416489878,0.0027466658528397473
733,0.021632888157391433,0.0037083134100614006,0.0030518509475997192
734,0.0219049367934596,0.0037002008827662215,0.0030518509475997192
735,0.022194976646414767,0.003686906548572085,0.0027466658528397473
736,0.02250110455730419,0.003671237424221123,0.0030518509475997192
737,0.022825229825261677,0.003650251409141019,0.0027466658528397473
738,0.023165451458785437,0.003626707835984435,0.0027466658528397473
739,0.023521775477312407,0.0036004742768593876,0.0024414807580797754
740,0.023892303147897045,0.0035742603750908023,0.0021362956633198035
741,0.024275136509086803,0.0035507588000642516,0.0024414807580797754
742,0.02467218856576402,0.0035269459242992687,0.0030518509475997192
743,0.02508727703096111,0.003496957024177247,0.0030518509475997192
744,0.025520408735009447,0.003460641833152226,0.0030518509475997192
745,0.02597159227973176,0.0034178111120732805,0.0027466658528397473
746,0.02643893259540981,0.0033710939130442734,0.0027466658528397473
747,0.026922441967249335,0.0033202199616438064,0.0027466658528397473
748,0.027422133795227368,0.0032648944586267325,0.0027466658528397473
749,0.02793802267161694,0.0032047963744126088,0.0024414807580797754
750,0.028468218979227723,0.003142434803060026,0.0027466658528397473
751,0.02901464544238818,0.0030745722938286687,0.0027466658528397473
752,0.02957731994841699,0.0030008153268619043,0.0024414807580797754
753,0.03015435647600302,0.002923593885987404,0.0021362956633198035
754,0.03074387069437727,0.0028453007608410857,0.0021362956633198035
755,0.031345884752925546,0.0027654486631248114,0.0021362956633198035
756,0.03196042110844454,0.002683543541884963,0.0024414807580797754
757,0.03258940815164873,0.0025962232894160635,0.0027466658528397473
758,0.0332347748623288,0.0025001128412882627,0.0018311105685598315
759,0.033890829826256394,0.0024032358431135283,0.0018311105685598315
760,0.034557600610708165,0.002304985812579648,0.0018311105685598315
761,0.0352351150028563,0.0022047514301939387,0.0018311105685598315
762,0.03592340118372349,0.002101912712228796,0.0018311105685598315
763,0.03662248790352569,0.0019958371531433533,0.0015259254737998596
764,0.03733049917231139,0.0018887340378016908,0.0015259254737998596
765,0.03804746541563817,0.0017799340020709436,0.0015259254737998596
766,0.03877341735382082,0.0016687611976368272,0.0018311105685598315
767,0.03951029168128474,0.0015516708416395699,0.0018311105685598315
768,0.04025812028579724,0.0014279614042361824,0.0012207403790398877
769,0.04101312577752552,0.0013026104698565125,0.0012207403790398877
770,0.04177534363992377,0.0011748374007052153,0.0012207403790398877
771,0.04254480982729371,0.001043851200717281,0.0012207403790398877
772,0.043321560988688765,0.0009088455895599585,0.0009155552842799158
773,0.04410372920713603,0.0007718522411967988,0.0003051850947599719
774,0.044887542230748895,0.0006377356974351231,0.0003051850947599719
775,0.04567303935304482,0.0005056314971289309,0.0003051850947599719
776,0.0464602590424234,0.0003746933323709272,0.0
777,0.047247333702339946,0.00024694582485460556,0.0003051850947599719
778,0.04803620637733688,0.00011870449164981081,0.0006103701895199438
779,0.04882881919683762,-1.3695016704242166e-05,0.0006103701895199438
780,0.04962520894412356,-0.0001510619342869239,-0.0003051850947599719
781,0.050419697131723666,-0.00028565703903933484,-0.0003051850947599719
782,0.05121232316037193,-0.0004183471495660808,-0.0003051850947599719
783,0.052003125635775894,-0.0005499815937046906,-0.0006103701895199438
784,0.05279023712945656,-0.000678539446910534,-0.0003051850947599719
785,0.05357560088571392,-0.0008077095859858624,-0.0003051850947599719
786,0.0543592537785851,-0.0009383032422143784,-0.0003051850947599719
787,0.055141232857708125,-0.0010711355104888341,-0.0006103701895199438
788,0.055919670093316394,-0.0012041722380845212,-0.0012207403790398877
789,0.05669079261017418,-0.0013325351694460882,-0.0012207403790398877
790,0.05745463856712469,-0.0014570637999089457,-0.0006103701895199438
791,0.0582150557575381,-0.001584284589609921,-0.0012207403790398877
792,0.058968268924652796,-0.0017092668879455392,-0.0012207403790398877
793,0.059714314559086365,-0.0018328134902420696,-0.0012207403790398877
794,0.0604532285093682,-0.0019557130663451195,-0.0015259254737998596
795,0.06118314072486284,-0.0020758870002353476,-0.0015259254737998596
796,0.06190408645678218,-0.0021941108199834357,-0.0015259254737998596
797,0.06261610017451695,-0.00231114285411741,-0.0015259254737998596
798,0.06331921578807702,-0.002427729125386797,-0.0015259254737998596
799,0.06401346686559808,-0.0025446081359937213,-0.0021362956633198035
800,0.06469507587335177,-0.0026567991310672973,-0.0021362956633198035
801,0.06536407633582177,-0.002765039649138614,-0.0018311105685598315
802,0.06602240591962019,-0.002872895866205998,-0.0018311105685598315
803,0.06667009567122943,-0.0029810508084190494,-0.0024414807580797754
804,0.06730336555355382,-0.0030844686404218713,-0.0024414807580797754
805,0.06792224658879656,-0.0031838318504955436,-0.0024414807580797754
806,0.06852676844038255,-0.0032797930343905313,-0.0021362956633198035
807,0.06911886509510884,-0.0033758374171121335,-0.0030518509475997192
808,0.06969284761845794,-0.0034639958973756648,-0.0030518509475997192
809,0.07024874355917995,-0.003544874544598299,-0.0027466658528397473
810,0.07078848369019791,-0.0036218878778006168,-0.0024414807580797754
811,0.07131399669608655,-0.0036984044760615944,-0.0024414807580797754
812,0.07182530466650112,-0.0037749103150278825,-0.0027466658528397473
813,0.07232052406269433,-0.003849030026452462,-0.0030518509475997192
814,0.07279777134304362,-0.003918388176123195,-0.0030518509475997192
815,0.07325706776746217,-0.00398345248202701,-0.0030518509475997192
816,0.07369843323007648,-0.004044660615221902,-0.0030518509475997192
817,0.0741218863933852,-0.004102423151280532,-0.0027466658528397473
818,0.07452935029932332,-0.004159984537035728,-0.0030518509475997192
819,0.07491893603039398,-0.0042148510666221795,-0.0030518509475997192
820,0.07529066009697719,-0.004267385969832657,-0.003662221137119663
821,0.07564072726581508,-0.004312219065867986,-0.003357036042359691
822,0.0759710580910144,-0.004352540069348107,-0.003662221137119663
823,0.07627975994694815,-0.004385773690100584,-0.003357036042359691
824,0.07656874988423398,-0.00441503256775648,-0.003357036042359691
825,0.07683803743533989,-0.004440526416998412,-0.003357036042359691
826,0.07708763099264576,-0.004462439870613493,-0.003357036042359691
827,0.07731753786859773,-0.004480933802861487,-0.003357036042359691
828,0.07752776434866798,-0.004496146494568007,-0.003357036042359691
829,0.0777183157374997,-0.004508194648293625,-0.003357036042359691
830,0.07788919639857117,-0.004517174260930999,-0.003357036042359691
831,0.07804040978767054,-0.0045231613601360715,-0.003357036042359691
832,0.07817195848043126,-0.004526212610099707,-0.003967406231879635
833,0.0782800332242348,-0.004520649394926076,-0.003357036042359691
834,0.07836844586417152,-0.004512207365334275,-0.003357036042359691
835,0.0784371948045349,-0.004500851415676203,-0.003357036042359691
836,0.07848627762388377,-0.0044865282740747655,-0.003662221137119663
837,0.07851378557999213,-0.004466308082375315,-0.003967406231879635
838,0.07851780907948966,-0.004437242258045668,-0.003662221137119663
839,0.07850024780749247,-0.004402061403614503,-0.003357036042359691
840,0.07846299891198107,-0.004363440303494813,-0.0030518509475997192
841,0.07840795778706795,-0.004324015155313062,-0.003357036042359691
842,0.0783332078699307,-0.004280684047798437,-0.003662221137119663
843,0.07823683236696793,-0.00423033999468068,-0.004272591326639607
844,0.07811500787880336,-0.004166993158839541,-0.003662221137119663
845,0.07797153093535379,-0.0040960422556637725,-0.0030518509475997192
846,0.07781019433728628,-0.004022803952010951,-0.0030518509475997192
847,0.07763097773371032,-0.003946830526198513,-0.0021362956633198035
848,0.07743957657426097,-0.003876234437901397,-0.0015259254737998596
849,0.07723978003915229,-0.0038162526874412823,-0.0024414807580797754
850,0.07702585142281182,-0.0037578651758047935,-0.0030518509475997192
851,0.07679396254926525,-0.0036949769858705944,-0.003357036042359691
852,0.07654219118525554,-0.003624361466048349,-0.003662221137119663
853,0.07626861380637118,-0.003542763562438548,-0.003357036042359691
854,0.07597511564344665,-0.0034525958777907907,-0.0015259254737998596
855,0.07567310620768687,-0.003370492770180548,-0.0012207403790398877
856,0.075364465123036,-0.0032987434719508107,-0.0021362956633198035
857,0.07504345238184168,-0.0032282552542792914,-0.0027466658528397473
858,0.0747062364318176,-0.003152858932039013,-0.0030518509475997192
859,0.074350891568333,-0.003069251489231832,-0.0027466658528397473
860,0.07397930165157279,-0.002979815367430522,-0.0009155552842799158
861,0.07360287561916394,-0.002901172276746158,-0.0012207403790398877
862,0.07321968233223537,-0.002829899637779548,-0.0021362956633198035
863,0.07282398277410793,-0.0027569265400187175,-0.0027466658528397473
864,0.07241194552828384,-0.002676086796501702,-0.0030518509475997192
865,0.07198164417690489,-0.0025840617062865426,-0.0027466658528397473
866,0.07153496101911379,-0.0024831993660232045,-0.0012207403790398877
867,0.07108139709341169,-0.0023872101742757504,-0.0006103701895199438
868,0.07062473444371105,-0.0023011741081275594,-0.0006103701895199438
869,0.07016494553798844,-0.002224485453800929,-0.0015259254737998596
870,0.06969628923777262,-0.00214802663476564,-0.0021362956633198035
871,0.06921493257231694,-0.002065597278685813,-0.0024414807580797754
872,0.06871894812366153,-0.0019738566853256152,-0.0012207403790398877
873,0.06821593419720391,-0.0018837176011182381,-0.0009155552842799158
874,0.06770776996641581,-0.0017974593452379012,-0.0009155552842799158
875,0.06719442957693636,-0.0017145131180399129,-0.0009155552842799158
876,0.06667588828750684,-0.0016343346087781634,-0.0018311105685598315
877,0.06614640584464312,-0.0015478257256816685,-0.0018311105685598315
878,0.06560595925066161,-0.001454480521094336,-0.0003051850947599719
879,0.06506405112948478,-0.0013680442399731008,0.0
880,0.06452256019470853,-0.0012907860802394006,-0.0006103701895199438
881,0.0639776506790311,-0.001216444151574348,-0.0012207403790398877
882,0.06342548944748592,-0.0011388144782135843,-0.0015259254737998596
883,0.06286414968899426,-0.0010545697144666896,-0.0003051850947599719
884,0.062301231087494365,-0.0009746529154276631,0.0
885,0.06173861496687661,-0.0009013907062312657,-0.0006103701895199438
886,0.061172467429444904,-0.0008285623325653006,-0.0006103701895199438
887,0.060602767461478094,-0.0007557054918963531,-0.0012207403790398877
888,0.060025683198266976,-0.0006766441581210625,-0.0015259254737998596
889,0.05943928825456087,-0.0005880603554606287,-0.0009155552842799158
890,0.058847370928655655,-0.0004951716487439849,0.0
891,0.058255622275381246,-0.0004059937456206152,0.0003051850947599719
892,0.057665921139381356,-0.0003227987272081242,0.0
893,0.05707633645411918,-0.0002421656280464713,0.0
894,0.056486844356870215,-0.0001635694673804275,-0.0006103701895199438
895,0.05589361074414176,-8.078496753870594e-05,0.0
896,0.055300424047868335,9.67369157499714e-07,0.0
897,0.05470726052306159,8.22099330451899e-05,0.0
898,0.05411409672078537,0.0001634586012677404,0.0
899,0.0535209093383208,0.0002452260341784589,0.0
900,0.05292767507119947,0.0003280249306445525,0.0
901,0.052334370466159325,0.0004123712630522081,0.0006103701895199438
902,0.05174478274966942,0.000493071049492057,0.0009155552842799158
903,0.05116079321652126,0.0005677983045912959,0.0006103701895199438
904,0.05058047323186647,0.0006399204952731187,0.0006103701895199438
905,0.05000380136174221,0.0007099091688928509,0.0003051850947599719
906,0.049428851431646825,0.0007810776652535214,0.0003051850947599719
907,0.0488556033668099,0.0008538676299322363,0.0003051850947599719
908,0.04828403675406059,0.0009287281534536054,0.0006103701895199438
909,0.04771603620285574,0.0010032603276621652,0.0012207403790398877
910,0.047155391216394324,0.0010722200802711754,0.0012207403790398877
911,0.0466020804166124,0.0011360777281345467,0.0006103701895199438
912,0.04605227304849344,0.0012009848843882378,0.0006103701895199438
913,0.045505950795825485,0.001267344506443489,0.0006103701895199438
914,0.04496309504137504,0.0013355661743450294,0.0006103701895199438
915,0.0444236867513087,0.0014060686335263365,0.0012207403790398877
916,0.04389151733282791,0.0014735659217840038,0.0015259254737998596
917,0.04336847205125832,0.001535644699044767,0.0015259254737998596
918,0.04285453154632027,0.0015927308906701786,0.0006103701895199438
919,0.04234396154950159,0.0016537909133592288,0.0009155552842799158
920,0.04183865117434758,0.0017163267672357203,0.0009155552842799158
921,0.041338582907101955,0.0017807237561404637,0.0009155552842799158
922,0.04084373881070811,0.0018473764967460123,0.0018311105685598315
923,0.04035981687638299,0.0019081166703763155,0.0018311105685598315
924,0.0398867979860537,0.001963364873542534,0.0015259254737998596
925,0.039422759230260604,0.0020163626186398198,0.0015259254737998596
926,0.03896768476216961,0.0020674585361400337,0.0012207403790398877
927,0.0385196538932126,0.002119845280580822,0.0012207403790398877
928,0.038078651967624194,0.0021738452800341454,0.0012207403790398877
929,0.03764466395940143,0.0022297891079923558,0.0015259254737998596
930,0.037219579866969464,0.0022851592940009535,0.0018311105685598315
931,0.036805289131115256,0.002337450634481313,0.0021362956633198035
932,0.03640368135706751,0.0023841543068787237,0.0018311105685598315
933,0.03601283605898203,0.0024284585066498246,0.0018311105685598315
934,0.03563273984083945,0.0024706579463749253,0.0018311105685598315
935,0.035263379994866194,0.002511032197317534,0.0015259254737998596
936,0.034902838930047794,0.002552705770846258,0.0015259254737998596
937,0.03455110506590293,0.002595933438817703,0.0015259254737998596
938,0.03420816644927391,0.0026409781721308005,0.0015259254737998596
939,0.03387401068125184,0.002688112748399773,0.0018311105685598315
940,0.03355053032858269,0.0027347631910835625,0.0018311105685598315
941,0.03323771187169251,0.0027812269318055216,0.0021362956633198035
942,0.03293744741664043,0.002824940127707696,0.0021362956633198035
943,0.03264972363621181,0.0028661959777042056,0.0018311105685598315
944,0.03237262250544522,0.002908128542644447,0.0018311105685598315
945,0.03210613219098294,0.0029509981577785006,0.0018311105685598315
946,0.0318502406653729,0.0029950694285893007,0.0018311105685598315
947,0.03160493563239773,0.0030406128735744834,0.0021362956633198035
948,0.03137210993773349,0.003085048376962465,0.0021362956633198035
949,0.031151750518172767,0.0031286633302835885,0.0024414807580797754
950,0.030945750114783663,0.003168879917525682,0.0018311105685598315
951,0.030750285244567112,0.0032116897927240047,0.0021362956633198035
952,0.030567249858712054,0.003254488517721039,0.0021362956633198035
953,0.03039663167810779,0.003297546234419332,0.0021362956633198035
954,0.03023841842684941,0.003341133014343715,0.0024414807580797754
955,0.03009450324104245,0.003382662349415353,0.0024414807580797754
956,0.029964873618681206,0.003422409284495119,0.0024414807580797754
957,0.029849517647903834,0.0034606358813755412,0.0024414807580797754
958,0.029748423928100554,0.0034975929543920757,0.0024414807580797754
959,0.029661581494745928,0.003533521724107392,0.0024414807580797754
960,0.02958897974745737,0.0035686554000208563,0.0027466658528397473
961,0.02953251386686965,0.0036003624914859177,0.0027466658528397473
962,0.02949217377554739,0.003628864702290915,0.0024414807580797754
963,0.029466044892912976,0.003657220323938034,0.0021362956633198035
964,0.029452213557736206,0.003688467423473177,0.0024414807580797754
965,0.0294525771228047,0.0037199267226024715,0.0024414807580797754
966,0.029467126625551975,0.0037517953992338236,0.0030518509475997192
967,0.02949966401430241,0.003778555552228184,0.0030518509475997192
968,0.029550180148084734,0.0038004082826692516,0.0027466658528397473
969,0.029616761865407126,0.0038203806636099183,0.0027466658528397473
970,0.029699402898244787,0.0038386105921474766,0.0027466658528397473
971,0.029798097517915904,0.003855224099822549,0.0027466658528397473
972,0.029912840495528156,0.0038703362227907262,0.0027466658528397473
973,0.030043627065828686,0.0038840517971189706,0.0030518509475997192
974,0.0301923583799243,0.0038936079775306956,0.0024414807580797754
975,0.030355219532348543,0.003904807727464562,0.0027466658528397473
976,0.030534113267815972,0.003914853142186759,0.0030518509475997192
977,0.030730941859583704,0.00392095668864451,0.0030518509475997192
978,0.030945702426308917,0.003923181756462629,0.0030518509475997192
979,0.031178393217302643,0.003921566860875321,0.0030518509475997192
980,0.03142901359434731,0.0039161260427344234,0.0030518509475997192
981,0.03169756402064926,0.0039068491115524205,0.0027466658528397473
982,0.031982140571144756,0.0038965599406874584,0.0027466658528397473
983,0.03228274590673363,0.0038851999900098967,0.0030518509475997192
984,0.032601288464344576,0.003869846125029367,0.0030518509475997192
985,0.03293777150237786,0.0038504266609887617,0.0027466658528397473
986,0.03329029393910001,0.003829702917486259,0.0030518509475997192
987,0.03366076683033287,0.003804694144637406,0.0030518509475997192
988,0.03404919612031616,0.0037752695692919052,0.0027466658528397473
989,0.03445368349658935,0.0037441295864467533,0.0030518509475997192
990,0.03487614288482826,0.0037082303101005324,0.0030518509475997192
991,0.035316583216994414,0.003667375237443678,0.0027466658528397473
992,0.03577310930428558,0.0036241960422466854,0.0030518509475997192
993,0.036247638351118015,0.00357557670739541,0.0030518509475997192
994,0.03674018274270664,0.0035212447589580017,0.0024414807580797754
995,0.03724694545263888,0.0034666098155791687,0.0021362956633198035
996,0.03776603657882403,0.0034141872388628123,0.0024414807580797754
997,0.03829937727819228,0.0033607740556928726,0.0030518509475997192
998,0.03885079355944997,0.003300323039676925,0.003357036042359691
999,0.039422206229529716,0.003229638924066569,0.0030518509475997192
